
Insert into termekek (id, megnevezes, ar) values 
    (1, 'Póló', 3000),
    (2, 'Szabadidő felső', 14500),
    (3, 'Vásárlási utalvány', 10000),
    (4, 'Sál', 3500),
    (5, 'Galléros póló', 4000),
    (6, 'Szabadidő alsó', 6250),
    (7, 'Hátizsák', 7500),
    (8, 'Táska', 8200),
    (9, 'Kulacs', 1200),
    (10, 'Korsó', 2500),
    (11, 'Bögre', 2500),
    (12, 'Kulcstartó', 1500),
    (13, 'Téli sapka', 3000),
    (14, 'Baseball sapka', 5500),
    (15, 'Törölköző', 6000),
    (16, 'Hűtőmágnes', 1500),
    (17, 'Kapucnis pulóver', 9800),
    (18, 'Esernyő', 3500),
    (19, 'Hivatalos mez', 19900),
    (20, 'Sörnyitó', 600);
	
Insert into vevok(id, nev, iranyitoszam, telepules, utcahazszam) values
    (1, 'Varga Csaba', '8100', 'Várpalota', 'Móricz Zsigmond utca 2.'),
    (2, 'Takács László', '2370', 'Dabas', 'Berzsenyi Dániel utca 32.'),
    (3, 'Horváth Lajos', '7621', 'Pécs', 'Március 15. utca 62.'),
    (4, 'Török Anikó', '6100', 'Kiskunfélegyháza', 'Bem József utca 98.'),
    (5, 'Tóth Viktória', '2840', 'Oroszlány', 'Vörösmarty Mihály utca 93.'),
    (6, 'Kovács János', '2013', 'Pomáz', 'Pöltenberg Ernő utca 78.'),
    (7, 'Török Krisztián', '2120', 'Dunakeszi', 'Puskás Ferenc utca 11.'),
    (8, 'Kelemen Éva', '5300', 'Karcag', 'Czuczor Gergely utca 73.'),
    (9, 'Török Tibor', '4400', 'Nyíregyháza', 'Örkény István utca 67.'),
    (10, 'Fodor Ildikó', '5630', 'Békés', 'Örkény István utca 43.'),
    (11, 'Nagy Ágnes', '2200', 'Monor', 'Radnóti Miklós utca 6.'),
    (12, 'Török Andrea', '6900', 'Makó', 'Neumann János utca 8.'),
    (13, 'Nagy Krisztián', '4002', 'Debrecen', 'Blaha Lujza utca 39.'),
    (14, 'Papp Krisztián', '2112', 'Veresegyház', 'Pöltenberg Ernő utca 83.'),
    (15, 'Balogh Éva', '2119', 'Pécel', 'Dobos István utca 28.'),
    (16, 'Fazekas Lajos', '3700', 'Kazincbarcika', 'Álmos vezér utca 28.'),
    (17, 'Farkas Andrea', '2330', 'Dunaharaszti', 'Tamási Áron utca 23.'),
    (18, 'Mészáros Tibor', '4080', 'Hajdúnánás', 'Karinthy Frigyes utca 49.'),
    (19, 'Sándor András', '8900', 'Zalaegerszeg', 'Örkény István utca 3.'),
    (20, 'Szalai Mónika', '5540', 'Szarvas', 'Berzsenyi Dániel utca 86.'),
    (21, 'Fazekas Lajos', '7200', 'Dombóvár', 'Kosztolányi Dezső utca 87.'),
    (22, 'Lukács Erzsébet', '6720', 'Szeged', 'Rejtő Jenő utca 23.'),
    (23, 'Sipos Mária', '9200', 'Mosonmagyaróvár', 'Széchenyi István utca 70.'),
    (24, 'Lakatos Mihály', '2840', 'Oroszlány', 'Hét vezér utca 6.'),
    (25, 'Antal Edit', '2000', 'Szentendre', 'Kassák Lajos utca 62.'),
    (26, 'Nagy Eszter', '2400', 'Dunaújváros', 'Czuczor Gergely utca 3.'),
    (27, 'Molnár Mária', '8800', 'Nagykanizsa', 'Neumann János utca 36.'),
    (28, 'Magyar Mária', '6300', 'Kalocsa', 'Krúdy Gyula utca 35.'),
    (29, 'Fekete Ágnes', '2310', 'Szigetszentmiklós', 'Tóth Árpád utca 2.'),
    (30, 'Török Ildikó', '3580', 'Tiszaújváros', 'Hét vezér utca 78.'),
    (31, 'Somogyi Erzsébet', '5630', 'Békés', 'Jókai Mór utca 53.'),
    (32, 'Fodor Eszter', '6640', 'Csongrád', 'Március 15. utca 72.'),
    (33, 'Szilágyi Csaba', '3580', 'Tiszaújváros', 'Március 15. utca 37.'),
    (34, 'Szalai Krisztián', '8100', 'Várpalota', 'Dobos István utca 59.'),
    (35, 'Hegedűs Krisztián', '9200', 'Mosonmagyaróvár', 'Kosztolányi Dezső utca 73.'),
    (36, 'Antal Éva', '6300', 'Kalocsa', 'Hét vezér utca 3.'),
    (37, 'Tóth Norbert', '3300', 'Eger', 'Rejtő Jenő utca 16.'),
    (38, 'Kiss Szabolcs', '2900', 'Komárom', 'Vörösmarty Mihály utca 92.'),
    (39, 'Kelemen Zsuzsanna', '5900', 'Orosháza', 'Vécsey Károly utca 9.'),
    (40, 'Papp Péter', '2500', 'Esztergom', 'Munkácsy Mihály utca 49.'),
    (41, 'Somogyi Andrea', '3400', 'Mezőkövesd', 'Bánki Donát utca 90.'),
    (42, 'Szűcs Katalin', '2890', 'Tata', 'Rákóczi Ferenc utca 51.'),
    (43, 'Papp Krisztián', '4060', 'Balmazújváros', 'Balassi Bálint utca 76.'),
    (44, 'Kovács Mária', '2400', 'Dunaújváros', 'Liszt Ferenc utca 19.'),
    (45, 'Fekete Tamás', '2220', 'Vecsés', 'Blaha Lujza utca 59.'),
    (46, 'Török Judit', '2112', 'Veresegyház', 'Radnóti Miklós utca 6.'),
    (47, 'Juhász László', '3400', 'Mezőkövesd', 'Toldi Miklós utca 8.'),
    (48, 'Pintér Norbert', '5200', 'Törökszentmiklós', 'Puskás Tivadar utca 14.'),
    (49, 'Kelemen Éva', '8900', 'Zalaegerszeg', 'Balázs Béla utca 36.'),
    (50, 'Papp Károly', '7700', 'Mohács', 'Czuczor Gergely utca 1.'),
    (51, 'Fazekas Krisztina', '2600', 'Vác', 'Blaha Lujza utca 72.'),
    (52, 'Kelemen Károly', '4400', 'Nyíregyháza', 'Puskás Ferenc utca 83.'),
    (53, 'Boros Péter', '2310', 'Szigetszentmiklós', 'Szent István utca 31.'),
    (54, 'Lakatos Szabolcs', '9700', 'Szombathely', 'Bánki Donát utca 41.'),
    (55, 'Juhász Róbert', '2600', 'Vác', 'Balassi Bálint utca 37.'),
    (56, 'Deák János', '2119', 'Pécel', 'Jedlik Ányos utca 58.'),
    (57, 'Horváth Katalin', '2900', 'Komárom', 'Illyés Gyula utca 64.'),
    (58, 'Papp Eszter', '5300', 'Karcag', 'István király utca 28.'),
    (59, 'Sipos Katalin', '5900', 'Orosháza', 'Puskás Ferenc utca 75.'),
    (60, 'Varga István', '6300', 'Kalocsa', 'Bartók Béla utca 80.'),
    (61, 'Tóth István', '4700', 'Mátészalka', 'Bocskai István utca 49.'),
    (62, 'Balázs Andrea', '8600', 'Siófok', 'Örkény István utca 53.'),
    (63, 'Németh István', '2400', 'Dunaújváros', 'Jászai Mari utca 25.'),
    (64, 'Gál János', '2660', 'Balassagyarmat', 'Tóth Árpád utca 50.'),
    (65, 'Balázs János', '9021', 'Győr', 'Szilágyi Erzsébet utca 21.'),
    (66, 'Hegedűs Norbert', '9400', 'Sopron', 'Árpád fejedelem utca 42.'),
    (67, 'Kocsis Mária', '7300', 'Komló', 'Kassák Lajos utca 85.'),
    (68, 'Fodor Szilvia', '2120', 'Dunakeszi', 'Gábor Áron utca 4.'),
    (69, 'Bíró Mária', '8500', 'Pápa', 'Szabó Lőrinc utca 59.'),
    (70, 'Balogh Attila', '6720', 'Szeged', 'Kölcsey Ferenc utca 43.'),
    (71, 'Balogh Edit', '2100', 'Gödöllő', 'Szabó Lőrinc utca 33.'),
    (72, 'Fehér Sándor', '7621', 'Pécs', 'Tóth Árpád utca 95.'),
    (73, 'Lakatos Edit', '7621', 'Pécs', 'Szilágyi Erzsébet utca 44.'),
    (74, 'Varga Viktória', '5700', 'Gyula', 'Blaha Lujza utca 38.'),
    (75, 'Mészáros Éva', '5900', 'Orosháza', 'Katona József utca 46.'),
    (76, 'László Károly', '2400', 'Dunaújváros', 'Pöltenberg Ernő utca 73.'),
    (77, 'Mészáros Zsuzsanna', '9021', 'Győr', 'Dobos István utca 17.'),
    (78, 'Antal Andrea', '4002', 'Debrecen', 'Bethlen Gábor utca 95.'),
    (79, 'Lukács Ágnes', '2800', 'Tatabánya', 'Czuczor Gergely utca 5.'),
    (80, 'Szilágyi Erzsébet', '4002', 'Debrecen', 'Ady Endre utca 17.'),
    (81, 'Gál Andrea', '2230', 'Gyömrő', 'Karinthy Frigyes utca 13.'),
    (82, 'Simon Zsuzsanna', '6800', 'Hódmezővásárhely', 'Március 15. utca 18.'),
    (83, 'Nagy Edit', '2000', 'Szentendre', 'Tóth Árpád utca 27.'),
    (84, 'Nagy Tibor', '2310', 'Szigetszentmiklós', 'Liszt Ferenc utca 95.'),
    (85, 'Somogyi Judit', '5000', 'Szolnok', 'Mikes Kelemen utca 84.'),
    (86, 'Szalai István', '8500', 'Pápa', 'Berzsenyi Dániel utca 16.'),
    (87, 'Fülöp Gyula', '2500', 'Esztergom', 'József Attila utca 58.'),
    (88, 'Hegedűs Viktória', '2230', 'Gyömrő', 'Pázmány Péter utca 49.'),
    (89, 'Hegedűs Andrea', '8600', 'Siófok', 'Álmos vezér utca 51.'),
    (90, 'Szűcs Mihály', '7200', 'Dombóvár', 'Hét vezér utca 94.'),
    (91, 'Lengyel Ferenc', '5300', 'Karcag', 'István király utca 98.'),
    (92, 'Sándor Zsolt', '5900', 'Orosháza', 'Czuczor Gergely utca 28.'),
    (93, 'Tóth András', '7400', 'Kaposvár', 'Balassi Bálint utca 79.'),
    (94, 'Bíró Tibor', '2030', 'Érd', 'Kandó Kálmán utca 88.'),
    (95, 'Lakatos Szilvia', '8500', 'Pápa', 'Szabó Lőrinc utca 3.'),
    (96, 'Antal Anikó', '4080', 'Hajdúnánás', 'Rákóczi Ferenc utca 71.'),
    (97, 'Szűcs Balázs', '5630', 'Békés', 'Szilágyi Erzsébet utca 30.'),
    (98, 'Balázs Anita', '7300', 'Komló', 'Gábor Áron utca 84.'),
    (99, 'Sipos Katalin', '4220', 'Hajdúböszörmény', 'Ady Endre utca 20.'),
    (100, 'Szűcs Gabriella', '3300', 'Eger', 'Juhász Gyula utca 8.');
	
Insert into szamlafej (id, szamlaszam, kelt, teljesites, vevoid) values 
    (1, 'SZ-00001/2018', '2018-01-01', '2018-01-01', 13),
    (2, 'SZ-00002/2018', '2018-01-01', '2018-01-01', 10),
    (3, 'SZ-00003/2018', '2018-01-01', '2018-01-01', 60),
    (4, 'SZ-00004/2018', '2018-01-02', '2018-01-02', 1),
    (5, 'SZ-00005/2018', '2018-01-02', '2018-01-02', 61),
    (6, 'SZ-00006/2018', '2018-01-02', '2018-01-02', 15),
    (7, 'SZ-00007/2018', '2018-01-02', '2018-01-02', 84),
    (8, 'SZ-00008/2018', '2018-01-02', '2018-01-02', 9),
    (9, 'SZ-00009/2018', '2018-01-02', '2018-01-02', 73),
    (10, 'SZ-00010/2018', '2018-01-02', '2018-01-02', 2),
    (11, 'SZ-00011/2018', '2018-01-02', '2018-01-02', 54),
    (12, 'SZ-00012/2018', '2018-01-02', '2018-01-02', 34),
    (13, 'SZ-00013/2018', '2018-01-02', '2018-01-02', 53),
    (14, 'SZ-00014/2018', '2018-01-02', '2018-01-02', 97),
    (15, 'SZ-00015/2018', '2018-01-02', '2018-01-02', 13),
    (16, 'SZ-00016/2018', '2018-01-02', '2018-01-02', 10),
    (17, 'SZ-00017/2018', '2018-01-02', '2018-01-02', 25),
    (18, 'SZ-00018/2018', '2018-01-02', '2018-01-02', 20),
    (19, 'SZ-00019/2018', '2018-01-02', '2018-01-02', 77),
    (20, 'SZ-00020/2018', '2018-01-02', '2018-01-02', 57),
    (21, 'SZ-00021/2018', '2018-01-02', '2018-01-02', 86),
    (22, 'SZ-00022/2018', '2018-01-03', '2018-01-03', 16),
    (23, 'SZ-00023/2018', '2018-01-03', '2018-01-03', 31),
    (24, 'SZ-00024/2018', '2018-01-03', '2018-01-03', 74),
    (25, 'SZ-00025/2018', '2018-01-04', '2018-01-04', 15),
    (26, 'SZ-00026/2018', '2018-01-04', '2018-01-04', 89),
    (27, 'SZ-00027/2018', '2018-01-04', '2018-01-04', 53),
    (28, 'SZ-00028/2018', '2018-01-05', '2018-01-05', 3),
    (29, 'SZ-00029/2018', '2018-01-05', '2018-01-05', 81),
    (30, 'SZ-00030/2018', '2018-01-05', '2018-01-05', 70),
    (31, 'SZ-00031/2018', '2018-01-05', '2018-01-05', 56),
    (32, 'SZ-00032/2018', '2018-01-05', '2018-01-05', 99),
    (33, 'SZ-00033/2018', '2018-01-05', '2018-01-05', 22),
    (34, 'SZ-00034/2018', '2018-01-06', '2018-01-06', 14),
    (35, 'SZ-00035/2018', '2018-01-06', '2018-01-06', 46),
    (36, 'SZ-00036/2018', '2018-01-06', '2018-01-06', 91),
    (37, 'SZ-00037/2018', '2018-01-06', '2018-01-06', 34),
    (38, 'SZ-00038/2018', '2018-01-07', '2018-01-07', 86),
    (39, 'SZ-00039/2018', '2018-01-07', '2018-01-07', 93),
    (40, 'SZ-00040/2018', '2018-01-07', '2018-01-07', 92),
    (41, 'SZ-00041/2018', '2018-01-07', '2018-01-07', 21),
    (42, 'SZ-00042/2018', '2018-01-07', '2018-01-07', 3),
    (43, 'SZ-00043/2018', '2018-01-07', '2018-01-07', 70),
    (44, 'SZ-00044/2018', '2018-01-07', '2018-01-07', 42),
    (45, 'SZ-00045/2018', '2018-01-07', '2018-01-07', 18),
    (46, 'SZ-00046/2018', '2018-01-08', '2018-01-08', 16),
    (47, 'SZ-00047/2018', '2018-01-09', '2018-01-09', 30),
    (48, 'SZ-00048/2018', '2018-01-09', '2018-01-09', 18),
    (49, 'SZ-00049/2018', '2018-01-09', '2018-01-09', 14),
    (50, 'SZ-00050/2018', '2018-01-09', '2018-01-09', 17),
    (51, 'SZ-00051/2018', '2018-01-09', '2018-01-09', 5),
    (52, 'SZ-00052/2018', '2018-01-09', '2018-01-09', 25),
    (53, 'SZ-00053/2018', '2018-01-09', '2018-01-09', 31),
    (54, 'SZ-00054/2018', '2018-01-09', '2018-01-09', 12),
    (55, 'SZ-00055/2018', '2018-01-09', '2018-01-09', 93),
    (56, 'SZ-00056/2018', '2018-01-09', '2018-01-09', 73),
    (57, 'SZ-00057/2018', '2018-01-09', '2018-01-09', 93),
    (58, 'SZ-00058/2018', '2018-01-09', '2018-01-09', 40),
    (59, 'SZ-00059/2018', '2018-01-10', '2018-01-10', 57),
    (60, 'SZ-00060/2018', '2018-01-10', '2018-01-10', 43),
    (61, 'SZ-00061/2018', '2018-01-10', '2018-01-10', 13),
    (62, 'SZ-00062/2018', '2018-01-10', '2018-01-10', 17),
    (63, 'SZ-00063/2018', '2018-01-11', '2018-01-11', 67),
    (64, 'SZ-00064/2018', '2018-01-11', '2018-01-11', 16),
    (65, 'SZ-00065/2018', '2018-01-11', '2018-01-11', 88),
    (66, 'SZ-00066/2018', '2018-01-11', '2018-01-11', 76),
    (67, 'SZ-00067/2018', '2018-01-11', '2018-01-11', 31),
    (68, 'SZ-00068/2018', '2018-01-12', '2018-01-12', 38),
    (69, 'SZ-00069/2018', '2018-01-12', '2018-01-12', 89),
    (70, 'SZ-00070/2018', '2018-01-13', '2018-01-13', 4),
    (71, 'SZ-00071/2018', '2018-01-13', '2018-01-13', 85),
    (72, 'SZ-00072/2018', '2018-01-13', '2018-01-13', 46),
    (73, 'SZ-00073/2018', '2018-01-14', '2018-01-14', 79),
    (74, 'SZ-00074/2018', '2018-01-14', '2018-01-14', 26),
    (75, 'SZ-00075/2018', '2018-01-14', '2018-01-14', 80),
    (76, 'SZ-00076/2018', '2018-01-15', '2018-01-15', 88),
    (77, 'SZ-00077/2018', '2018-01-16', '2018-01-16', 40),
    (78, 'SZ-00078/2018', '2018-01-16', '2018-01-16', 47),
    (79, 'SZ-00079/2018', '2018-01-16', '2018-01-16', 83),
    (80, 'SZ-00080/2018', '2018-01-16', '2018-01-16', 17),
    (81, 'SZ-00081/2018', '2018-01-16', '2018-01-16', 86),
    (82, 'SZ-00082/2018', '2018-01-16', '2018-01-16', 60),
    (83, 'SZ-00083/2018', '2018-01-16', '2018-01-16', 2),
    (84, 'SZ-00084/2018', '2018-01-17', '2018-01-17', 38),
    (85, 'SZ-00085/2018', '2018-01-17', '2018-01-17', 8),
    (86, 'SZ-00086/2018', '2018-01-17', '2018-01-17', 82),
    (87, 'SZ-00087/2018', '2018-01-17', '2018-01-17', 4),
    (88, 'SZ-00088/2018', '2018-01-17', '2018-01-17', 70),
    (89, 'SZ-00089/2018', '2018-01-17', '2018-01-17', 58),
    (90, 'SZ-00090/2018', '2018-01-17', '2018-01-17', 35),
    (91, 'SZ-00091/2018', '2018-01-17', '2018-01-17', 20),
    (92, 'SZ-00092/2018', '2018-01-17', '2018-01-17', 17),
    (93, 'SZ-00093/2018', '2018-01-17', '2018-01-17', 100),
    (94, 'SZ-00094/2018', '2018-01-17', '2018-01-17', 53),
    (95, 'SZ-00095/2018', '2018-01-17', '2018-01-17', 24),
    (96, 'SZ-00096/2018', '2018-01-17', '2018-01-17', 55),
    (97, 'SZ-00097/2018', '2018-01-17', '2018-01-17', 60),
    (98, 'SZ-00098/2018', '2018-01-17', '2018-01-17', 65),
    (99, 'SZ-00099/2018', '2018-01-17', '2018-01-17', 41),
    (100, 'SZ-00100/2018', '2018-01-18', '2018-01-18', 75),
    (101, 'SZ-00101/2018', '2018-01-18', '2018-01-18', 68),
    (102, 'SZ-00102/2018', '2018-01-19', '2018-01-19', 1),
    (103, 'SZ-00103/2018', '2018-01-19', '2018-01-19', 25),
    (104, 'SZ-00104/2018', '2018-01-19', '2018-01-19', 7),
    (105, 'SZ-00105/2018', '2018-01-19', '2018-01-19', 29),
    (106, 'SZ-00106/2018', '2018-01-19', '2018-01-19', 12),
    (107, 'SZ-00107/2018', '2018-01-19', '2018-01-19', 83),
    (108, 'SZ-00108/2018', '2018-01-19', '2018-01-19', 37),
    (109, 'SZ-00109/2018', '2018-01-19', '2018-01-19', 12),
    (110, 'SZ-00110/2018', '2018-01-19', '2018-01-19', 92),
    (111, 'SZ-00111/2018', '2018-01-20', '2018-01-20', 43),
    (112, 'SZ-00112/2018', '2018-01-20', '2018-01-20', 49),
    (113, 'SZ-00113/2018', '2018-01-20', '2018-01-20', 38),
    (114, 'SZ-00114/2018', '2018-01-20', '2018-01-20', 4),
    (115, 'SZ-00115/2018', '2018-01-20', '2018-01-20', 10),
    (116, 'SZ-00116/2018', '2018-01-20', '2018-01-20', 26),
    (117, 'SZ-00117/2018', '2018-01-20', '2018-01-20', 96),
    (118, 'SZ-00118/2018', '2018-01-20', '2018-01-20', 73),
    (119, 'SZ-00119/2018', '2018-01-21', '2018-01-21', 74),
    (120, 'SZ-00120/2018', '2018-01-21', '2018-01-21', 2),
    (121, 'SZ-00121/2018', '2018-01-22', '2018-01-22', 89),
    (122, 'SZ-00122/2018', '2018-01-22', '2018-01-22', 16),
    (123, 'SZ-00123/2018', '2018-01-22', '2018-01-22', 6),
    (124, 'SZ-00124/2018', '2018-01-22', '2018-01-22', 47),
    (125, 'SZ-00125/2018', '2018-01-22', '2018-01-22', 63),
    (126, 'SZ-00126/2018', '2018-01-22', '2018-01-22', 12),
    (127, 'SZ-00127/2018', '2018-01-22', '2018-01-22', 20),
    (128, 'SZ-00128/2018', '2018-01-22', '2018-01-22', 70),
    (129, 'SZ-00129/2018', '2018-01-22', '2018-01-22', 53),
    (130, 'SZ-00130/2018', '2018-01-23', '2018-01-23', 71),
    (131, 'SZ-00131/2018', '2018-01-23', '2018-01-23', 86),
    (132, 'SZ-00132/2018', '2018-01-23', '2018-01-23', 26),
    (133, 'SZ-00133/2018', '2018-01-23', '2018-01-23', 40),
    (134, 'SZ-00134/2018', '2018-01-23', '2018-01-23', 70),
    (135, 'SZ-00135/2018', '2018-01-24', '2018-01-24', 65),
    (136, 'SZ-00136/2018', '2018-01-24', '2018-01-24', 92),
    (137, 'SZ-00137/2018', '2018-01-24', '2018-01-24', 96),
    (138, 'SZ-00138/2018', '2018-01-24', '2018-01-24', 63),
    (139, 'SZ-00139/2018', '2018-01-24', '2018-01-24', 37),
    (140, 'SZ-00140/2018', '2018-01-24', '2018-01-24', 28),
    (141, 'SZ-00141/2018', '2018-01-24', '2018-01-24', 12),
    (142, 'SZ-00142/2018', '2018-01-24', '2018-01-24', 39),
    (143, 'SZ-00143/2018', '2018-01-24', '2018-01-24', 15),
    (144, 'SZ-00144/2018', '2018-01-24', '2018-01-24', 51),
    (145, 'SZ-00145/2018', '2018-01-24', '2018-01-24', 42),
    (146, 'SZ-00146/2018', '2018-01-24', '2018-01-24', 90),
    (147, 'SZ-00147/2018', '2018-01-25', '2018-01-25', 18),
    (148, 'SZ-00148/2018', '2018-01-25', '2018-01-25', 91),
    (149, 'SZ-00149/2018', '2018-01-25', '2018-01-25', 76),
    (150, 'SZ-00150/2018', '2018-01-25', '2018-01-25', 10),
    (151, 'SZ-00151/2018', '2018-01-25', '2018-01-25', 84),
    (152, 'SZ-00152/2018', '2018-01-25', '2018-01-25', 34),
    (153, 'SZ-00153/2018', '2018-01-25', '2018-01-25', 14),
    (154, 'SZ-00154/2018', '2018-01-25', '2018-01-25', 68),
    (155, 'SZ-00155/2018', '2018-01-25', '2018-01-25', 19),
    (156, 'SZ-00156/2018', '2018-01-25', '2018-01-25', 29),
    (157, 'SZ-00157/2018', '2018-01-25', '2018-01-25', 90),
    (158, 'SZ-00158/2018', '2018-01-25', '2018-01-25', 12),
    (159, 'SZ-00159/2018', '2018-01-25', '2018-01-25', 16),
    (160, 'SZ-00160/2018', '2018-01-25', '2018-01-25', 97),
    (161, 'SZ-00161/2018', '2018-01-25', '2018-01-25', 40),
    (162, 'SZ-00162/2018', '2018-01-25', '2018-01-25', 77),
    (163, 'SZ-00163/2018', '2018-01-26', '2018-01-26', 54),
    (164, 'SZ-00164/2018', '2018-01-26', '2018-01-26', 27),
    (165, 'SZ-00165/2018', '2018-01-26', '2018-01-26', 98),
    (166, 'SZ-00166/2018', '2018-01-26', '2018-01-26', 66),
    (167, 'SZ-00167/2018', '2018-01-26', '2018-01-26', 93),
    (168, 'SZ-00168/2018', '2018-01-27', '2018-01-27', 100),
    (169, 'SZ-00169/2018', '2018-01-27', '2018-01-27', 38),
    (170, 'SZ-00170/2018', '2018-01-27', '2018-01-27', 54),
    (171, 'SZ-00171/2018', '2018-01-27', '2018-01-27', 66),
    (172, 'SZ-00172/2018', '2018-01-27', '2018-01-27', 96),
    (173, 'SZ-00173/2018', '2018-01-27', '2018-01-27', 96),
    (174, 'SZ-00174/2018', '2018-01-27', '2018-01-27', 21),
    (175, 'SZ-00175/2018', '2018-01-27', '2018-01-27', 100),
    (176, 'SZ-00176/2018', '2018-01-27', '2018-01-27', 51),
    (177, 'SZ-00177/2018', '2018-01-27', '2018-01-27', 3),
    (178, 'SZ-00178/2018', '2018-01-27', '2018-01-27', 13),
    (179, 'SZ-00179/2018', '2018-01-27', '2018-01-27', 59),
    (180, 'SZ-00180/2018', '2018-01-27', '2018-01-27', 39),
    (181, 'SZ-00181/2018', '2018-01-27', '2018-01-27', 80),
    (182, 'SZ-00182/2018', '2018-01-27', '2018-01-27', 84),
    (183, 'SZ-00183/2018', '2018-01-27', '2018-01-27', 9),
    (184, 'SZ-00184/2018', '2018-01-27', '2018-01-27', 82),
    (185, 'SZ-00185/2018', '2018-01-27', '2018-01-27', 71),
    (186, 'SZ-00186/2018', '2018-01-27', '2018-01-27', 87),
    (187, 'SZ-00187/2018', '2018-01-28', '2018-01-28', 40),
    (188, 'SZ-00188/2018', '2018-01-28', '2018-01-28', 11),
    (189, 'SZ-00189/2018', '2018-01-28', '2018-01-28', 40),
    (190, 'SZ-00190/2018', '2018-01-28', '2018-01-28', 75),
    (191, 'SZ-00191/2018', '2018-01-28', '2018-01-28', 2),
    (192, 'SZ-00192/2018', '2018-01-28', '2018-01-28', 94),
    (193, 'SZ-00193/2018', '2018-01-28', '2018-01-28', 54),
    (194, 'SZ-00194/2018', '2018-01-29', '2018-01-29', 81),
    (195, 'SZ-00195/2018', '2018-01-29', '2018-01-29', 50),
    (196, 'SZ-00196/2018', '2018-01-29', '2018-01-29', 92),
    (197, 'SZ-00197/2018', '2018-01-29', '2018-01-29', 45),
    (198, 'SZ-00198/2018', '2018-01-30', '2018-01-30', 36),
    (199, 'SZ-00199/2018', '2018-01-31', '2018-01-31', 68),
    (200, 'SZ-00200/2018', '2018-01-31', '2018-01-31', 5);

	
Insert into szamlatetel (szamlafejid, termekid, mennyiseg, mennyisegiegyseg, bruttoegysegar, afaszazalek) values 
    (1, 17, 1, 'db', 9800, 27),
    (1, 19, 2, 'db', 19900, 27),
    (2, 13, 2, 'db', 3000, 27),
    (3, 1, 4, 'db', 3000, 27),
    (3, 3, 4, 'db', 10000, 27),
    (3, 4, 5, 'db', 3500, 27),
    (3, 6, 3, 'db', 6250, 27),
    (3, 10, 5, 'db', 2500, 27),
    (3, 12, 7, 'db', 1500, 27),
    (3, 16, 1, 'db', 1500, 27),
    (3, 17, 1, 'db', 9800, 27),
    (4, 3, 3, 'db', 10000, 27),
    (4, 6, 2, 'db', 6250, 27),
    (4, 7, 1, 'db', 7500, 27),
    (4, 8, 2, 'db', 8200, 27),
    (4, 14, 3, 'db', 5500, 27),
    (4, 20, 1, 'db', 600, 27),
    (5, 17, 2, 'db', 9800, 27),
    (6, 6, 1, 'db', 6250, 27),
    (6, 20, 1, 'db', 600, 27),
    (7, 6, 1, 'db', 6250, 27),
    (7, 9, 2, 'db', 1200, 27),
    (8, 4, 4, 'db', 3500, 27),
    (8, 19, 3, 'db', 19900, 27),
    (9, 2, 1, 'db', 14500, 27),
    (9, 6, 5, 'db', 6250, 27),
    (9, 10, 1, 'db', 2500, 27),
    (9, 11, 1, 'db', 2500, 27),
    (9, 20, 2, 'db', 600, 27),
    (10, 8, 2, 'db', 8200, 27),
    (10, 13, 3, 'db', 3000, 27),
    (10, 15, 2, 'db', 6000, 27),
    (10, 17, 1, 'db', 9800, 27),
    (11, 4, 5, 'db', 3500, 27),
    (12, 2, 1, 'db', 14500, 27),
    (12, 6, 1, 'db', 6250, 27),
    (13, 2, 1, 'db', 14500, 27),
    (13, 4, 3, 'db', 3500, 27),
    (13, 5, 10, 'db', 4000, 27),
    (13, 9, 4, 'db', 1200, 27),
    (13, 11, 1, 'db', 2500, 27),
    (13, 15, 3, 'db', 6000, 27),
    (13, 17, 1, 'db', 9800, 27),
    (13, 20, 6, 'db', 600, 27),
    (14, 14, 1, 'db', 5500, 27),
    (14, 20, 5, 'db', 600, 27),
    (15, 1, 4, 'db', 3000, 27),
    (15, 4, 1, 'db', 3500, 27),
    (15, 8, 1, 'db', 8200, 27),
    (15, 11, 1, 'db', 2500, 27),
    (15, 15, 3, 'db', 6000, 27),
    (16, 5, 5, 'db', 4000, 27),
    (16, 9, 2, 'db', 1200, 27),
    (16, 12, 7, 'db', 1500, 27),
    (16, 19, 1, 'db', 19900, 27),
    (17, 7, 2, 'db', 7500, 27),
    (17, 14, 1, 'db', 5500, 27),
    (18, 15, 2, 'db', 6000, 27),
    (18, 18, 2, 'db', 3500, 27),
    (18, 19, 3, 'db', 19900, 27),
    (19, 16, 1, 'db', 1500, 27),
    (20, 2, 2, 'db', 14500, 27),
    (20, 11, 3, 'db', 2500, 27),
    (21, 3, 1, 'db', 10000, 27),
    (21, 5, 1, 'db', 4000, 27),
    (21, 6, 1, 'db', 6250, 27),
    (21, 10, 3, 'db', 2500, 27),
    (21, 11, 1, 'db', 2500, 27),
    (21, 14, 1, 'db', 5500, 27),
    (22, 13, 3, 'db', 3000, 27),
    (22, 20, 1, 'db', 600, 27),
    (23, 3, 1, 'db', 10000, 27),
    (23, 7, 1, 'db', 7500, 27),
    (23, 15, 1, 'db', 6000, 27),
    (24, 3, 1, 'db', 10000, 27),
    (25, 6, 1, 'db', 6250, 27),
    (26, 3, 1, 'db', 10000, 27),
    (26, 7, 1, 'db', 7500, 27),
    (26, 8, 1, 'db', 8200, 27),
    (26, 14, 1, 'db', 5500, 27),
    (27, 9, 2, 'db', 1200, 27),
    (27, 18, 1, 'db', 3500, 27),
    (28, 2, 2, 'db', 14500, 27),
    (28, 10, 4, 'db', 2500, 27),
    (29, 3, 2, 'db', 10000, 27),
    (29, 4, 2, 'db', 3500, 27),
    (29, 8, 4, 'db', 8200, 27),
    (29, 12, 1, 'db', 1500, 27),
    (29, 18, 1, 'db', 3500, 27),
    (29, 19, 3, 'db', 19900, 27),
    (29, 20, 5, 'db', 600, 27),
    (30, 10, 2, 'db', 2500, 27),
    (30, 15, 3, 'db', 6000, 27),
    (31, 2, 2, 'db', 14500, 27),
    (31, 4, 3, 'db', 3500, 27),
    (31, 9, 2, 'db', 1200, 27),
    (31, 14, 4, 'db', 5500, 27),
    (32, 5, 4, 'db', 4000, 27),
    (32, 8, 2, 'db', 8200, 27),
    (32, 11, 4, 'db', 2500, 27),
    (32, 13, 1, 'db', 3000, 27),
    (32, 16, 4, 'db', 1500, 27),
    (33, 9, 1, 'db', 1200, 27),
    (33, 16, 6, 'db', 1500, 27),
    (34, 13, 2, 'db', 3000, 27),
    (35, 1, 3, 'db', 3000, 27),
    (35, 3, 1, 'db', 10000, 27),
    (35, 5, 9, 'db', 4000, 27),
    (35, 6, 2, 'db', 6250, 27),
    (35, 10, 5, 'db', 2500, 27),
    (35, 13, 1, 'db', 3000, 27),
    (35, 14, 1, 'db', 5500, 27),
    (35, 17, 2, 'db', 9800, 27),
    (35, 18, 1, 'db', 3500, 27),
    (35, 19, 2, 'db', 19900, 27),
    (35, 20, 4, 'db', 600, 27),
    (36, 6, 1, 'db', 6250, 27),
    (36, 9, 3, 'db', 1200, 27),
    (36, 10, 1, 'db', 2500, 27),
    (36, 16, 3, 'db', 1500, 27),
    (37, 11, 3, 'db', 2500, 27),
    (38, 8, 1, 'db', 8200, 27),
    (38, 11, 1, 'db', 2500, 27),
    (39, 8, 2, 'db', 8200, 27),
    (40, 1, 3, 'db', 3000, 27),
    (40, 2, 3, 'db', 14500, 27),
    (40, 5, 5, 'db', 4000, 27),
    (40, 6, 1, 'db', 6250, 27),
    (40, 9, 3, 'db', 1200, 27),
    (40, 10, 1, 'db', 2500, 27),
    (40, 12, 5, 'db', 1500, 27),
    (40, 19, 6, 'db', 19900, 27),
    (41, 3, 1, 'db', 10000, 27),
    (41, 6, 2, 'db', 6250, 27),
    (41, 17, 2, 'db', 9800, 27),
    (41, 18, 3, 'db', 3500, 27),
    (42, 3, 1, 'db', 10000, 27),
    (43, 4, 7, 'db', 3500, 27),
    (43, 8, 2, 'db', 8200, 27),
    (43, 10, 1, 'db', 2500, 27),
    (43, 14, 1, 'db', 5500, 27),
    (44, 2, 1, 'db', 14500, 27),
    (44, 18, 1, 'db', 3500, 27),
    (45, 2, 2, 'db', 14500, 27),
    (45, 8, 2, 'db', 8200, 27),
    (46, 1, 2, 'db', 3000, 27),
    (46, 3, 1, 'db', 10000, 27),
    (46, 5, 2, 'db', 4000, 27),
    (46, 10, 3, 'db', 2500, 27),
    (46, 11, 6, 'db', 2500, 27),
    (46, 12, 8, 'db', 1500, 27),
    (47, 4, 2, 'db', 3500, 27),
    (47, 6, 2, 'db', 6250, 27),
    (47, 9, 3, 'db', 1200, 27),
    (47, 16, 2, 'db', 1500, 27),
    (47, 20, 6, 'db', 600, 27),
    (48, 10, 2, 'db', 2500, 27),
    (49, 4, 1, 'db', 3500, 27),
    (49, 10, 1, 'db', 2500, 27),
    (49, 11, 1, 'db', 2500, 27),
    (49, 16, 1, 'db', 1500, 27),
    (49, 17, 1, 'db', 9800, 27),
    (50, 15, 3, 'db', 6000, 27),
    (51, 12, 7, 'db', 1500, 27),
    (52, 3, 1, 'db', 10000, 27),
    (52, 4, 1, 'db', 3500, 27),
    (53, 2, 1, 'db', 14500, 27),
    (53, 6, 1, 'db', 6250, 27),
    (53, 8, 1, 'db', 8200, 27),
    (53, 17, 1, 'db', 9800, 27),
    (54, 5, 2, 'db', 4000, 27),
    (54, 7, 1, 'db', 7500, 27),
    (54, 8, 2, 'db', 8200, 27),
    (54, 9, 4, 'db', 1200, 27),
    (54, 10, 2, 'db', 2500, 27),
    (55, 5, 1, 'db', 4000, 27),
    (56, 6, 1, 'db', 6250, 27),
    (57, 4, 5, 'db', 3500, 27),
    (57, 17, 1, 'db', 9800, 27),
    (58, 1, 4, 'db', 3000, 27),
    (58, 4, 4, 'db', 3500, 27),
    (58, 5, 2, 'db', 4000, 27),
    (58, 6, 1, 'db', 6250, 27),
    (58, 7, 1, 'db', 7500, 27),
    (58, 8, 2, 'db', 8200, 27),
    (58, 12, 4, 'db', 1500, 27),
    (58, 13, 1, 'db', 3000, 27),
    (58, 14, 2, 'db', 5500, 27),
    (58, 16, 3, 'db', 1500, 27),
    (59, 1, 4, 'db', 3000, 27),
    (59, 6, 2, 'db', 6250, 27),
    (59, 10, 3, 'db', 2500, 27),
    (59, 19, 2, 'db', 19900, 27),
    (60, 9, 2, 'db', 1200, 27),
    (60, 10, 4, 'db', 2500, 27),
    (60, 20, 1, 'db', 600, 27),
    (61, 17, 1, 'db', 9800, 27),
    (61, 20, 4, 'db', 600, 27),
    (62, 14, 2, 'db', 5500, 27),
    (62, 20, 1, 'db', 600, 27),
    (63, 5, 5, 'db', 4000, 27),
    (64, 5, 5, 'db', 4000, 27),
    (64, 14, 2, 'db', 5500, 27),
    (65, 4, 4, 'db', 3500, 27),
    (65, 9, 2, 'db', 1200, 27),
    (66, 8, 1, 'db', 8200, 27),
    (66, 15, 4, 'db', 6000, 27),
    (66, 16, 1, 'db', 1500, 27),
    (66, 17, 1, 'db', 9800, 27),
    (67, 11, 1, 'db', 2500, 27),
    (68, 9, 4, 'db', 1200, 27),
    (68, 11, 4, 'db', 2500, 27),
    (69, 2, 1, 'db', 14500, 27),
    (69, 9, 3, 'db', 1200, 27),
    (70, 11, 3, 'db', 2500, 27),
    (70, 14, 1, 'db', 5500, 27),
    (70, 17, 2, 'db', 9800, 27),
    (71, 7, 1, 'db', 7500, 27),
    (71, 8, 1, 'db', 8200, 27),
    (71, 11, 1, 'db', 2500, 27),
    (71, 12, 9, 'db', 1500, 27),
    (72, 2, 1, 'db', 14500, 27),
    (72, 13, 1, 'db', 3000, 27),
    (73, 4, 5, 'db', 3500, 27),
    (73, 8, 2, 'db', 8200, 27),
    (73, 13, 1, 'db', 3000, 27),
    (73, 20, 2, 'db', 600, 27),
    (74, 13, 1, 'db', 3000, 27),
    (75, 7, 2, 'db', 7500, 27),
    (75, 9, 3, 'db', 1200, 27),
    (75, 11, 3, 'db', 2500, 27),
    (76, 4, 3, 'db', 3500, 27),
    (76, 7, 1, 'db', 7500, 27),
    (76, 11, 1, 'db', 2500, 27),
    (76, 13, 2, 'db', 3000, 27),
    (76, 17, 1, 'db', 9800, 27),
    (77, 3, 1, 'db', 10000, 27),
    (77, 15, 1, 'db', 6000, 27),
    (78, 4, 4, 'db', 3500, 27),
    (78, 9, 4, 'db', 1200, 27),
    (78, 13, 2, 'db', 3000, 27),
    (78, 18, 1, 'db', 3500, 27),
    (79, 2, 1, 'db', 14500, 27),
    (79, 3, 1, 'db', 10000, 27),
    (79, 12, 8, 'db', 1500, 27),
    (79, 13, 3, 'db', 3000, 27),
    (79, 19, 2, 'db', 19900, 27),
    (80, 4, 2, 'db', 3500, 27),
    (80, 6, 2, 'db', 6250, 27),
    (80, 14, 2, 'db', 5500, 27),
    (80, 16, 3, 'db', 1500, 27),
    (80, 17, 2, 'db', 9800, 27),
    (81, 11, 1, 'db', 2500, 27),
    (81, 12, 8, 'db', 1500, 27),
    (81, 18, 1, 'db', 3500, 27),
    (82, 3, 2, 'db', 10000, 27),
    (83, 3, 2, 'db', 10000, 27),
    (84, 7, 1, 'db', 7500, 27),
    (85, 6, 1, 'db', 6250, 27),
    (86, 3, 2, 'db', 10000, 27),
    (86, 7, 2, 'db', 7500, 27),
    (86, 16, 1, 'db', 1500, 27),
    (86, 18, 1, 'db', 3500, 27),
    (87, 4, 4, 'db', 3500, 27),
    (88, 2, 1, 'db', 14500, 27),
    (88, 8, 1, 'db', 8200, 27),
    (88, 10, 2, 'db', 2500, 27),
    (88, 13, 2, 'db', 3000, 27),
    (89, 19, 1, 'db', 19900, 27),
    (90, 1, 3, 'db', 3000, 27),
    (90, 10, 4, 'db', 2500, 27),
    (90, 12, 2, 'db', 1500, 27),
    (90, 14, 2, 'db', 5500, 27),
    (90, 18, 1, 'db', 3500, 27),
    (90, 19, 4, 'db', 19900, 27),
    (90, 20, 2, 'db', 600, 27),
    (91, 5, 5, 'db', 4000, 27),
    (92, 13, 3, 'db', 3000, 27),
    (92, 15, 2, 'db', 6000, 27),
    (93, 1, 2, 'db', 3000, 27),
    (93, 6, 1, 'db', 6250, 27),
    (93, 11, 2, 'db', 2500, 27),
    (93, 16, 1, 'db', 1500, 27),
    (93, 20, 2, 'db', 600, 27),
    (94, 10, 1, 'db', 2500, 27),
    (94, 12, 4, 'db', 1500, 27),
    (95, 18, 2, 'db', 3500, 27),
    (96, 2, 1, 'db', 14500, 27),
    (96, 18, 1, 'db', 3500, 27),
    (97, 8, 2, 'db', 8200, 27),
    (97, 9, 3, 'db', 1200, 27),
    (97, 17, 2, 'db', 9800, 27),
    (98, 1, 4, 'db', 3000, 27),
    (98, 3, 2, 'db', 10000, 27),
    (98, 5, 4, 'db', 4000, 27),
    (98, 6, 2, 'db', 6250, 27),
    (98, 9, 2, 'db', 1200, 27),
    (98, 10, 3, 'db', 2500, 27),
    (98, 13, 3, 'db', 3000, 27),
    (98, 15, 1, 'db', 6000, 27),
    (98, 16, 1, 'db', 1500, 27),
    (98, 18, 5, 'db', 3500, 27),
    (98, 19, 1, 'db', 19900, 27),
    (99, 3, 1, 'db', 10000, 27),
    (99, 14, 2, 'db', 5500, 27),
    (100, 6, 2, 'db', 6250, 27),
    (100, 7, 1, 'db', 7500, 27),
    (101, 3, 2, 'db', 10000, 27),
    (101, 11, 5, 'db', 2500, 27),
    (101, 14, 2, 'db', 5500, 27),
    (102, 6, 2, 'db', 6250, 27),
    (102, 7, 1, 'db', 7500, 27),
    (102, 8, 2, 'db', 8200, 27),
    (102, 11, 4, 'db', 2500, 27),
    (102, 13, 1, 'db', 3000, 27),
    (102, 15, 3, 'db', 6000, 27),
    (102, 16, 1, 'db', 1500, 27),
    (103, 3, 1, 'db', 10000, 27),
    (103, 19, 2, 'db', 19900, 27),
    (104, 9, 1, 'db', 1200, 27),
    (104, 10, 4, 'db', 2500, 27),
    (104, 12, 6, 'db', 1500, 27),
    (104, 14, 3, 'db', 5500, 27),
    (104, 19, 1, 'db', 19900, 27),
    (105, 3, 4, 'db', 10000, 27),
    (105, 5, 2, 'db', 4000, 27),
    (105, 9, 2, 'db', 1200, 27),
    (105, 13, 3, 'db', 3000, 27),
    (105, 15, 3, 'db', 6000, 27),
    (106, 2, 2, 'db', 14500, 27),
    (106, 11, 8, 'db', 2500, 27),
    (106, 13, 2, 'db', 3000, 27),
    (106, 17, 1, 'db', 9800, 27),
    (107, 6, 2, 'db', 6250, 27),
    (107, 8, 2, 'db', 8200, 27),
    (107, 17, 1, 'db', 9800, 27),
    (107, 20, 5, 'db', 600, 27),
    (108, 2, 1, 'db', 14500, 27),
    (108, 8, 1, 'db', 8200, 27),
    (108, 14, 1, 'db', 5500, 27),
    (108, 17, 1, 'db', 9800, 27),
    (109, 5, 5, 'db', 4000, 27),
    (110, 2, 1, 'db', 14500, 27),
    (110, 19, 2, 'db', 19900, 27),
    (111, 2, 1, 'db', 14500, 27),
    (111, 7, 1, 'db', 7500, 27),
    (111, 8, 1, 'db', 8200, 27),
    (111, 17, 2, 'db', 9800, 27),
    (112, 7, 2, 'db', 7500, 27),
    (112, 8, 1, 'db', 8200, 27),
    (112, 18, 3, 'db', 3500, 27),
    (112, 20, 5, 'db', 600, 27),
    (113, 8, 1, 'db', 8200, 27),
    (114, 16, 3, 'db', 1500, 27),
    (115, 13, 2, 'db', 3000, 27),
    (116, 1, 4, 'db', 3000, 27),
    (116, 9, 3, 'db', 1200, 27),
    (116, 11, 3, 'db', 2500, 27),
    (117, 4, 2, 'db', 3500, 27),
    (117, 5, 3, 'db', 4000, 27),
    (117, 9, 2, 'db', 1200, 27),
    (118, 2, 1, 'db', 14500, 27),
    (118, 4, 5, 'db', 3500, 27),
    (118, 10, 5, 'db', 2500, 27),
    (118, 15, 2, 'db', 6000, 27),
    (118, 19, 2, 'db', 19900, 27),
    (119, 13, 1, 'db', 3000, 27),
    (120, 13, 3, 'db', 3000, 27),
    (120, 17, 1, 'db', 9800, 27),
    (120, 19, 3, 'db', 19900, 27),
    (121, 3, 1, 'db', 10000, 27),
    (121, 5, 5, 'db', 4000, 27),
    (121, 7, 2, 'db', 7500, 27),
    (121, 8, 1, 'db', 8200, 27),
    (121, 15, 1, 'db', 6000, 27),
    (121, 16, 1, 'db', 1500, 27),
    (122, 3, 1, 'db', 10000, 27),
    (122, 15, 2, 'db', 6000, 27),
    (122, 16, 1, 'db', 1500, 27),
    (123, 8, 2, 'db', 8200, 27),
    (124, 1, 4, 'db', 3000, 27),
    (124, 6, 1, 'db', 6250, 27),
    (124, 17, 2, 'db', 9800, 27),
    (125, 5, 3, 'db', 4000, 27),
    (125, 15, 2, 'db', 6000, 27),
    (126, 16, 4, 'db', 1500, 27),
    (127, 1, 1, 'db', 3000, 27),
    (127, 3, 1, 'db', 10000, 27),
    (127, 4, 7, 'db', 3500, 27),
    (128, 15, 1, 'db', 6000, 27),
    (129, 20, 1, 'db', 600, 27),
    (130, 2, 2, 'db', 14500, 27),
    (131, 4, 3, 'db', 3500, 27),
    (131, 13, 2, 'db', 3000, 27),
    (131, 17, 1, 'db', 9800, 27),
    (131, 19, 2, 'db', 19900, 27),
    (132, 17, 2, 'db', 9800, 27),
    (133, 16, 1, 'db', 1500, 27),
    (134, 11, 3, 'db', 2500, 27),
    (134, 16, 4, 'db', 1500, 27),
    (135, 15, 2, 'db', 6000, 27),
    (136, 3, 1, 'db', 10000, 27),
    (136, 6, 1, 'db', 6250, 27),
    (136, 11, 3, 'db', 2500, 27),
    (136, 13, 3, 'db', 3000, 27),
    (136, 14, 2, 'db', 5500, 27),
    (136, 18, 1, 'db', 3500, 27),
    (136, 19, 3, 'db', 19900, 27),
    (136, 20, 2, 'db', 600, 27),
    (137, 8, 1, 'db', 8200, 27),
    (137, 10, 2, 'db', 2500, 27),
    (138, 2, 1, 'db', 14500, 27),
    (138, 4, 4, 'db', 3500, 27),
    (138, 6, 1, 'db', 6250, 27),
    (138, 7, 1, 'db', 7500, 27),
    (138, 8, 1, 'db', 8200, 27),
    (139, 18, 2, 'db', 3500, 27),
    (140, 9, 3, 'db', 1200, 27),
    (141, 1, 2, 'db', 3000, 27),
    (141, 3, 1, 'db', 10000, 27),
    (141, 5, 2, 'db', 4000, 27),
    (141, 8, 2, 'db', 8200, 27),
    (142, 16, 1, 'db', 1500, 27),
    (143, 2, 2, 'db', 14500, 27),
    (143, 9, 4, 'db', 1200, 27),
    (144, 3, 2, 'db', 10000, 27),
    (144, 9, 4, 'db', 1200, 27),
    (144, 14, 5, 'db', 5500, 27),
    (145, 14, 2, 'db', 5500, 27),
    (146, 3, 1, 'db', 10000, 27),
    (146, 7, 2, 'db', 7500, 27),
    (146, 8, 1, 'db', 8200, 27),
    (146, 12, 14, 'db', 1500, 27),
    (146, 13, 2, 'db', 3000, 27),
    (146, 18, 2, 'db', 3500, 27),
    (146, 20, 4, 'db', 600, 27),
    (147, 7, 2, 'db', 7500, 27),
    (147, 9, 2, 'db', 1200, 27),
    (147, 10, 4, 'db', 2500, 27),
    (147, 12, 1, 'db', 1500, 27),
    (147, 20, 5, 'db', 600, 27),
    (148, 3, 1, 'db', 10000, 27),
    (148, 16, 1, 'db', 1500, 27),
    (149, 14, 2, 'db', 5500, 27),
    (150, 1, 6, 'db', 3000, 27),
    (150, 2, 1, 'db', 14500, 27),
    (150, 4, 1, 'db', 3500, 27),
    (150, 5, 2, 'db', 4000, 27),
    (150, 9, 4, 'db', 1200, 27),
    (150, 11, 4, 'db', 2500, 27),
    (150, 12, 8, 'db', 1500, 27),
    (150, 15, 2, 'db', 6000, 27),
    (150, 16, 2, 'db', 1500, 27),
    (150, 18, 2, 'db', 3500, 27),
    (150, 19, 1, 'db', 19900, 27),
    (151, 3, 1, 'db', 10000, 27),
    (151, 13, 3, 'db', 3000, 27),
    (152, 18, 1, 'db', 3500, 27),
    (153, 5, 5, 'db', 4000, 27),
    (153, 6, 2, 'db', 6250, 27),
    (153, 10, 1, 'db', 2500, 27),
    (153, 15, 3, 'db', 6000, 27),
    (153, 18, 1, 'db', 3500, 27),
    (154, 1, 1, 'db', 3000, 27),
    (155, 17, 2, 'db', 9800, 27),
    (156, 11, 4, 'db', 2500, 27),
    (157, 20, 2, 'db', 600, 27),
    (158, 3, 2, 'db', 10000, 27),
    (158, 13, 2, 'db', 3000, 27),
    (159, 1, 3, 'db', 3000, 27),
    (159, 19, 6, 'db', 19900, 27),
    (160, 5, 4, 'db', 4000, 27),
    (161, 8, 2, 'db', 8200, 27),
    (161, 9, 1, 'db', 1200, 27),
    (162, 2, 2, 'db', 14500, 27),
    (162, 8, 3, 'db', 8200, 27),
    (162, 11, 2, 'db', 2500, 27),
    (163, 1, 2, 'db', 3000, 27),
    (163, 20, 1, 'db', 600, 27),
    (164, 13, 2, 'db', 3000, 27),
    (165, 9, 4, 'db', 1200, 27),
    (166, 3, 2, 'db', 10000, 27),
    (166, 9, 1, 'db', 1200, 27),
    (166, 12, 2, 'db', 1500, 27),
    (167, 2, 2, 'db', 14500, 27),
    (167, 3, 2, 'db', 10000, 27),
    (167, 11, 1, 'db', 2500, 27),
    (167, 17, 5, 'db', 9800, 27),
    (167, 19, 2, 'db', 19900, 27),
    (168, 4, 4, 'db', 3500, 27),
    (168, 9, 4, 'db', 1200, 27),
    (168, 11, 1, 'db', 2500, 27),
    (168, 15, 2, 'db', 6000, 27),
    (168, 17, 2, 'db', 9800, 27),
    (169, 10, 1, 'db', 2500, 27),
    (170, 17, 1, 'db', 9800, 27),
    (171, 6, 2, 'db', 6250, 27),
    (171, 8, 2, 'db', 8200, 27),
    (171, 17, 2, 'db', 9800, 27),
    (172, 2, 1, 'db', 14500, 27),
    (172, 4, 3, 'db', 3500, 27),
    (172, 6, 1, 'db', 6250, 27),
    (173, 6, 1, 'db', 6250, 27),
    (174, 3, 2, 'db', 10000, 27),
    (174, 11, 4, 'db', 2500, 27),
    (174, 13, 2, 'db', 3000, 27),
    (174, 16, 1, 'db', 1500, 27),
    (175, 4, 3, 'db', 3500, 27),
    (175, 5, 3, 'db', 4000, 27),
    (175, 6, 2, 'db', 6250, 27),
    (175, 10, 4, 'db', 2500, 27),
    (175, 15, 3, 'db', 6000, 27),
    (176, 6, 2, 'db', 6250, 27),
    (176, 7, 2, 'db', 7500, 27),
    (176, 12, 2, 'db', 1500, 27),
    (177, 2, 2, 'db', 14500, 27),
    (177, 11, 4, 'db', 2500, 27),
    (177, 13, 3, 'db', 3000, 27),
    (177, 18, 2, 'db', 3500, 27),
    (177, 19, 1, 'db', 19900, 27),
    (178, 2, 1, 'db', 14500, 27),
    (178, 9, 3, 'db', 1200, 27),
    (179, 15, 1, 'db', 6000, 27),
    (180, 3, 1, 'db', 10000, 27),
    (181, 7, 2, 'db', 7500, 27),
    (181, 10, 3, 'db', 2500, 27),
    (182, 2, 2, 'db', 14500, 27),
    (182, 4, 4, 'db', 3500, 27),
    (182, 9, 3, 'db', 1200, 27),
    (182, 19, 2, 'db', 19900, 27),
    (182, 20, 3, 'db', 600, 27),
    (183, 1, 4, 'db', 3000, 27),
    (184, 13, 1, 'db', 3000, 27),
    (185, 3, 1, 'db', 10000, 27),
    (185, 9, 3, 'db', 1200, 27),
    (185, 12, 8, 'db', 1500, 27),
    (185, 17, 2, 'db', 9800, 27),
    (186, 7, 1, 'db', 7500, 27),
    (186, 9, 2, 'db', 1200, 27),
    (186, 15, 2, 'db', 6000, 27),
    (187, 7, 1, 'db', 7500, 27),
    (187, 11, 1, 'db', 2500, 27),
    (188, 1, 3, 'db', 3000, 27),
    (188, 11, 1, 'db', 2500, 27),
    (189, 1, 4, 'db', 3000, 27),
    (189, 7, 1, 'db', 7500, 27),
    (189, 11, 6, 'db', 2500, 27),
    (189, 13, 1, 'db', 3000, 27),
    (189, 16, 2, 'db', 1500, 27),
    (190, 16, 3, 'db', 1500, 27),
    (190, 17, 1, 'db', 9800, 27),
    (191, 11, 3, 'db', 2500, 27),
    (191, 13, 1, 'db', 3000, 27),
    (192, 2, 2, 'db', 14500, 27),
    (192, 17, 1, 'db', 9800, 27),
    (193, 12, 6, 'db', 1500, 27),
    (194, 16, 3, 'db', 1500, 27),
    (195, 4, 1, 'db', 3500, 27),
    (195, 13, 2, 'db', 3000, 27),
    (195, 17, 2, 'db', 9800, 27),
    (195, 19, 3, 'db', 19900, 27),
    (196, 6, 3, 'db', 6250, 27),
    (196, 20, 3, 'db', 600, 27),
    (197, 6, 1, 'db', 6250, 27),
    (198, 3, 2, 'db', 10000, 27),
    (198, 12, 2, 'db', 1500, 27),
    (198, 18, 1, 'db', 3500, 27),
    (199, 15, 1, 'db', 6000, 27),
    (199, 20, 5, 'db', 600, 27),
    (200, 1, 2, 'db', 3000, 27),
    (200, 9, 1, 'db', 1200, 27);